﻿<?xml version="1.0" encoding="utf-8"?>
<modification>
  <name>Payme Kit</name>
  <code>kit_payme</code>
  <version>0.0.12-beta</version>
  <author>Игамбердиев Бахтиёр Хабибулаевич </author>
  <link>http://skill.uz/</link>

  <file path="admin/controller/marketplace/install.php">
	<operation>
      <search>
        <![CDATA[if ($safe) {]]>
      </search>
      <add position="before">
        <![CDATA[		
		    $safe = true;
		    ]]>
      </add>
    </operation>
    <operation>
      <search>
        <![CDATA[if (is_dir($file) && !is_dir($path)) {]]>
      </search>
      <add position="before">
        <![CDATA[		
			  if ($path == '') {
  				$app_root = explode('/',DIR_APPLICATION);
  				unset($app_root[count($app_root)-2]);
  				$app_root = implode('/',$app_root);
  				$path = $app_root . $destination;
			  }
		    ]]>
      </add>
    </operation>
  </file> 
</modification>
